الإسم الثلاثي,رقم الهوية,الجنس,الحالة,العمر,أولاد,صلاة,الصحة,العمل,المرافق,البلد,الهاتف,وصف الحالة,التشخيص,العلاج
محمد خالد غنايم,208653220,ذكر,أعزب,23,0,نعم,حرقة,عاطل,لا أحد,سخنين,0528942919,صثيلثيل,سلالتىةبلا,"يبلايبا
ثيبلا
يبلايب
03.04.2023"
معمر خالد غنايم,204947123,ذكر,أعزب,18,0,لا,صحي,عاطل,محمد غنايم,سخنين,0538225071,,,
محمد خالد زعبي,111222333,ذكر,متزوج,45,3,نعم,دسكات,قصّار,أخيه,الناصرة,0522233344,,,
